,A1461EJ
,A1983FJ
,A7684FH
,A2139AA
,A0852EF
,A3847EJ
,A5531FJ
,A2499DD
,A0556CP
,A5018DC
,A8023CZ
,A3584DG
,A4526EZ
,A9317CE
,A7768DR
,A5384DD
,A4892DK
,A0989ED
,A2746AD
,A7750AW
,A5705FH
,A3491CJ
,A8097CG
,A9283FH
,A9331EY
,A8805EX
,A9404FA
,A8259DJ
,A4626FJ
,A5224CC
,A8926AQ
,A0452AJ
,A4406FA
,A6602AN
,A4571CK
,A2169FH
,A4068AG
,A6241FJ
,A6200DC
,A1262DA
,A5315EY
,A8502EW
,A7360DJ
,A6894EM
,A3910EF
,A8127CA
,A8176FH
,A6730FJ
,A3580EZ
,A9182AQ
,A1757FH
,A9173EX
,A3688CP
,A5961EA
,A5224FJ
,A6765CP
,A5053FA
,A3169FJ
,A2535EE
,A4983DK
,A6155FJ
,A5000FG
,A0770CA
,A2236FG
,A0320FC
,A4928AG
,A5419DK
,A0247DE
,A5860FJ
,A7151EC
,A2412AW
,A3583ER
,A3754FJ
,A5311CG
,A9971EM
,A6880DX
,A5753FJ
,A5858DG
,A4147AJ
,A5043FH
,A3288AN
,A3860AG
,A4888EE
,A0753FE
,A7608AD
,A4426FG
,A8322FF
,A9226DQ
,A3772FJ
,A9720FH
,A3938FJ
,A4583FJ
,A4209FH
,A7649AD
,A6664DY
,A5090EX
,A1575DK
,A5720FJ
,A0404AJ
,A7441EJ
,A5932AL
,A8437EH
,A6208FH
,A5607DF
,A2666AH
,A8874AW
,A6518FJ
,A5392AY
,A2645FG
,A6282FH
,A5851EW
,A3190CF
,A4827FJ
,A6415EF
,A7565CN
,A8984EC
,A4784FJ
,A6967AW
,A8645EN
,A3759AV
,A5536FG
,A0920EC
,A9475FG
,A3044FH
,A2282EN
,A3299EL
,A7379EQ
,A8596FH
,A8059DY
,A8323DL
,A4417DF
,A6642EK
,A4466DG
,A7076FF
,A0638CK
,A5711EE
,A0432FC
,A1867AL
,A8147EZ
,A2833ER
,A3387EW
,A9284ET
,A9677FG
,A7158DG
,A3704AH
,A9600EK
,A3284DA
,A2351DX
,A6406FH
,A2218CW
,A9437DV
,A0924CT
,A0355DV
,A2345FH
,A4317ED
,A9418EN
,A5139DC
,A7702AP
,A5943AF
,A3302DP
,A8011EL
,A4809AE
,A3436CE
,A5566AX
,A8209EL
,A9857EF
,A3003EM
,A3856EQ
,A0769FH
,A3772EW
,A1211ER
,A1049AE
,A0613AK
,A9135EH
,A3254FJ
,A5926FJ
,A3670DY
,A8786ER
,A5718FJ
,A2577AR
,A6416EX
,A4857CD
,A5824DD
,A4221FH
,A4682EC
,A5697EV
,A4923FJ
,A1852EZ
,A5109FJ
,A6384FJ
,A7245DX
,A8258AG
,A7991ER
,A8907DA
,A4834FG
,A7997EJ
,A4300DN
,A0069FH
,A3183EL
,A2491DE
,A0476DC
,A7785CZ
,A2241AC
,A8378DJ
,A5699DK
,A5548ET
,A9307AY
,A0142FH
,A7966CL
,A1580FD
,A4928DJ
,A9385ED
,A7538EP
,A8435DN
,A0659FJ
,A8232EZ
,A6403AW
,A3118EL
,A6053DP
,A3043FJ
,A6310EL
,A1118AF
,A5380DV
,A7180DQ
,A9404AQ
,A3045CX
,A4540EP
,A0355EM
,A5772ER
,A7243EK
,A2381EK
,A6136FH
,A2202FJ
,A4058AH
,A9753EV
,A9288AD
,A4035AL
,A8702AW
,A0263AM
,A4549FJ
,A7598EJ
,A4862FJ
,A0244AT
,A3912AW
,A7287CX
,A6367FJ
,A4967FJ
,A5467EX
,A4934EJ
,A9367FF
,A7120EX
,A5051FH
,A1762EM
,A9974ER
,A4042AY
,A8788EM
,A5436EW
,A8607DL
,A9613EW
,A3152EC
,A8646DM
,A9818EA
,A8691ED
,A7732DF
,A1244EQ
,A0182EN
,A4508AG
,A2792DX
,A5651ER
,A6546FJ
,A0328CG
,A0883AW
,A0873AN
,A8285DJ
,A6580EV
,A5566FJ
,A2927DP
,A5958ET
,A3022CX
,A7938FC
,A6934CP
,A0272FH
,A3819AR
,A0975EQ
,A3237FG
,A4910FJ
,A3696FJ
,A2130FJ
,A1149AD
,A7631AD
,A5015EK
,A9657AW
,A7043AT
,A8927EW
,A6246AV
,A6679DR
,A1577DH
,A0189FJ
,A8864EA
,A0367DK
,A1182EF
,A7616CA
,A6362AV
,A2379CM
,A2530FJ
,A7914AK
,A0758AJ
,A5932AH
,A4221AR
,A6332FJ
,A5982CZ
,A5774AY
,A3308ET
,A7090ED
,A1404DD
,A6983FH
,A6651EV
,A6398DM
,A8952DL
,A1420AG
,A0675DG
,A7700FH
,A4980EA
,A2072FJ
,A6397FJ
,A7812DV
,A6772DC
,A2619EP
,A7548CQ
,A5008AQ
,A9767AF
,A6150DK
,A7832DY
,A0475EA
,A5864FJ
,A1842ER
,A0259DL
,A3607DR
,A5502FF
,A0406CH
,A6248FJ
,A6698CF
,A5406DD
,A5006FC
,A1119CY
,A0620EP
,A8096DV
,A8531DW
,A6584FJ
,A0265AM
,A1506CD
,A6047CP
,A2859AD
,A3077CQ
,A5133FJ
,A2303DM
,A5929AW
,A6450EZ
,A4856FJ
,A8390EF
,A2160AP
,A8403DG
,A0073AG
,A2630FD
,A3481DL
,A6478AN
,A9429CR
,A9358AD
,A4361CN
,A1651FF
,A1124AZ
,A7605AV
,A5876AX
,A7715EX
,A7590EZ
,A6027AH
,A8864FE
,A1841DP
,A5444CE
,A6810CN
,A6980EV
,A5593FJ
,A9766CA
,A3325DJ
,A0637DA
,A5983AK
,A5863AT
,A0482DD
,A9862FF
,A3092EH
,A4239EK
,A3302FJ
,A6062DC
,A7390AQ
,A0057EP
,A6165EY
,A7108FA
,A3500AW
,A5812FE
,A5563EG
,A7818EE
,A3052DC
,A0702EF
,A7603DX
,A5026AP
,A3728FJ
,A0982DH
,A7695EF
,A9761AF
,A4165CC
,A7738DE
,A4213AN
,A3972EG
,A8127FH
,A8873DJ
,A1075CJ
,A4902FE
,A4234DT
,A9937AJ
,A0732EJ
,A5217FJ
,A3468EK
,A0313CG
,A3597AF
,A6157FJ
,A3912FD
,A6040FJ
,A6802FH
,A7149DR
,A5686CD
,A9424FF
,A4855AN
,A4860AQ
,A6600DA
,A9963AP
,A3593EJ
,A3610EP
,A6755FG
,A3756DZ
,A4739AV
,A8811EG
,A5218FJ
,A3497CD
,A6235FJ
,A7525AW
,A5475AX
,A4138CG
,A2277EQ
,A3007AA
,A0684AP
,A5471FJ
,A2220CL
,A7987EX
,A5369ET
,A7586CK
,A5376FJ
,A6584EE
,A4737DA
,A4723AJ
,A7977DY
,A3733EP
,A4606AN
,A2255AH
,A1440AC
,A3781CH
,A9575AY
,A7880AM
,A1452ED
,A8375DH
,A0494DN
,A1126AM
,A7899AY
,A7636FH
,A0480AZ
,A8817EC
,A1855EG
,A1363EJ
,A1803DV
,A8376CH
,A1017CT
,A4403EA
,A4889EG
,A8165DH
,A3674EZ
,A1487DZ
,A3138CY
,A7323CH
,A6242EQ
,A5758FJ
,A9059FH
,A4055CF
,A2048DG
,A6288EW
,A9897DZ
,A3051FG
,A7314AJ
,A9554EX
,A9562EC
,A3485CR
,A5821FD
,A7410ER
,A2091DM
,A6563FJ
,A7371EX
,A5569AR
,A6558FJ
,A9506FF
,A9324EX
,A6073EJ
,A1856EV
,A7981EZ
,A0622AE
,A8202CT
,A4297FH
,A5954EC
,A0478AW
,A1388AP
,A9463FD
,A7907EE
,A5639FJ
,A9893AR
,A7076EL
,A0140CG
,A7080DN
,A9576EX
,A0089FJ
,A2682FH
,A6532DZ
,A7082CJ
,A1093CP
,A0993EP
,A4675FJ
,A6716FJ
,A2342DR
,A1645DH
,A1828CN
,A0156EJ
,A3291CV
,A1895FJ
,A2599DV
,A8293AJ
,A6369DK
,A9518EE
,A0710FJ
,A2006DF
,A3383EN
,A6660EX
,A3540ED
,A5290ET
,A8731DY
,A7264EW
,A9706FC
,A0658AD
,A5020DX
,A0150FG
,A1381EN
,A8047CF
,A3130EW
,A6883AN
,A8238CP
,A1742AR
,A8008CY
,A8150AP
,A6798FJ
,A8643EK
,A5302EY
,A4382EM
,A8615CF
,A7554AN
,A1737CK
,A7276CT
,A2257EF
,A9127ET
,A3135AR
,A3793EL
,A9986ET
,A6864FE
,A1905AG
,A4755FD
,A7746AC
,A5703AW
,A9636CR
,A7503FH
,A4345FF
,A6481FH
,A6110DG
,A5418DG
,A3816DF
,A4763FJ
,A7663AL
,A0859AY
,A2172AD
,A6556FJ
,A0089CX
,A5457CY
,A5971DD
,A5292DW
,A0561CY
,A8098EJ
,A8389EH
,A9261FG
,A9077AK
,A7157EL
,A4637CR
,A6376ER
,A5583FJ
,A9224EP
,A5191AF
,A0526AR
,A4712CC
,A8129FG
,A1273CH
,A8022EY
,A7359AE
,A6783DR
,A5041FE
,A6035EW
,A2414CW
,A9155CD
,A3946DW
,A0248EZ
,A2674DY
,A2589DT
,A2485AV
,A1996ET
,A6391EG
,A9642EF
,A5079EK
,A9886DT
,A8497EL
,A6715FJ
,A8271DQ
,A6029FG
,A5315FJ
,A3460EN
,A3505CY
,A4080EJ
,A6760FJ
,A4395AY
,A1138EV
,A3375AR
,A4696CN
,A0912CE
,A6100FJ
,A1408EM
,A3035FE
,A9061AA
,A4321AV
,A3591AN
,A9092DG
,A6469FJ
,A6062FJ
,A5362DT
,A6557DR
,A6427FJ
,A0018DY
,A5497FJ
,A1221EM
,A5387CP
,A4333EE
,A8350ET
,A0583CZ
,A2540ET
,A1689CE
,A0060ET
,A3459AL
,A9931AD
,A6277AV
,A5382FG
,A9633CQ
,A0425DP
,A5118FJ
,A1898AR
,A9217DV
,A3828FH
,A4136DG
,A9315FF
,A3470EV
,A6350AK
,A6368FJ
,A1078DD
,A6239AA
,A8240EZ
,A7965AG
,A6313FJ
,A1210AW
,A0752EX
,A9303EV
,A5762DG
,A4830DM
,A3928EA
,A2024FE
,A5382DM
,A3483EV
,A6405FJ
,A4669AA
,A3869EJ
,A8587EL
,A8903AN
,A6775EZ
,A0543EQ
,A6407EK
,A3762DR
,A4832AR
,A5903FJ
,A8590FA
,A3812FG
,A3562AX
,A1010FJ
,A5647FJ
,A1637ER
,A3516DK
,A8173FD
,A8215EW
,A9578EG
,A6053FJ
,A7114ET
,A8073EH
,A7555FH
,A2505CD
,A9544EW
,A7139AX
,A2352AW
,A7794EV
,A0123FG
,A1548AH
,A9756AG
,A5193AR
,A9407AD
,A0985EG
,A4606AP
,A1770EA
,A5010ED
,A5674EC
,A7587DW
,A2450DX
,A9711CL
,A1516AP
,A7344FA
,A3985ET
,A7265FH
,A5062AE
,A5768EG
,A4985CD
,A5884AP
,A1691AF
,A7317AP
,A0541AK
,A5076FJ
,A1648FF
,A4089CE
,A3375FH
,A5665FJ
,A1237FG
,A2364AJ
,A1475AE
,A8107FH
,A8964FF
,A7153CY
,A4883EZ
,A4900CF
,A2722DQ
,A6164AZ
,A1055AD
,A0848CD
,A2277AT
,A2249FJ
,A4113EH
,A9953EL
,A6186DZ
,A8584CE
,A5472CZ
,A2178AV
,A5204AA
,A7709DN
,A4894AA
,A6448FH
,A4765DR
,A8728DH
,A3179EY
,A5472AP
,A8913DN
,A3860AC
,A4625FJ
,A0453FJ
,A0022EQ
,A1743DQ
,A1190DK
,A9705FF
,A7579AQ
,A2901DV
,A2749CC
,A7842CC
,A4319EM
,A2588FH
,A3327EQ
,A3009CP
,A7245ED
,A2508DJ
,A6845DT
,A3874AK
,A0732EP
,A5347FJ
,A5656FJ
,A6893CE
,A8355DT
,A4096CJ
,A8109AM
,A0936EG
,A7087CN
,A7338EG
,A9058FH
,A9616AC
,A5135AM
,A5735EX
,A0225FG
,A2205AV
,A4730FJ
,A4817AQ
,A5799FJ
,A5837AE
,A7800EN
,A8418EA
,A5097FJ
,A0764CJ
,A7631FA
,A5136FC
,A2053DN
,A5102AF
,A5812FJ
,A3556DG
,A2430DH
,A1555DE
,A5874FH
,A5654EX
,A4859ER
,A5530AT
,A9798AN
,A7528EV
,A3602CY
,A6550FF
,A7481EN
,A8117DE
,A3816FH
,A7767EN
,A2899DV
,A9342AT
,A5195DT
,A8234CH
,A6827ET
,A9890AZ
,A6347FJ
,A2037CC
,A7295FE
,A7543AK
,A7754EL
,A2784EW
,A5710FJ
,A6069EK
,A3670EV
,A1784CW
,A4272EQ
,A4981FJ
,A9976FH
,A0397FC
,A7877EY
,A4903FJ
,A7764EP
,A6910CQ
,A1875DE
,A6727FH
,A2165FJ
,A3581AF
,A9707DW
,A8367AA
,A6550AE
,A5513FJ
,A5133EF
,A4786FJ
,A1938AM
,A6483EX
,A1656CR
,A8689DW
,A1760DJ
,A2416CT
,A4382FC
,A0271FJ
,A4120EZ
,A2051FJ
,A0729DZ
,A4982AL
,A8214AG
,A1082ED
,A0147ER
,A4366FE
,A9660AC
,A8916FF
,A0258AH
,A5721FG
,A0856DN
,A1592DZ
,A1478DZ
,A5183EC
,A4275AN
,A4725AN
,A7452EH
,A6117CV
,A7444FC
,A8021EQ
,A5770DT
,A0497FH
,A9023AP
,A7391EN
,A8233DH
,A1414FJ
,A6340CC
,A5638FJ
,A4761EG
,A3532DF
,A9945EX
,A9337DX
,A6794AD
,A4053CM
,A0732FJ
,A6175CC
,A4458EL
,A9258FA
,A8386EJ
,A9193DD
,A7787FF
,A0173AC
,A8967ER
,A0081EL
,A8606AH
,A2647AF
,A3324AV
,A5560EW
,A2809EY
,A9422ET
,A6634AK
,A2019DM
,A2766CT
,A9728DF
,A4646AN
,A5903CX
,A0916ET
,A2546AW
,A7801EE
,A6590EQ
,A4389DC
,A9630FH
,A6489FG
,A9861CD
,A3892AC
,A5494FJ
,A3520FC
,A4087CE
,A3042DX
,A0899EQ
,A1321ET
,A4187DP
,A5234DQ
,A9401FD
,A6633CH
,A4882CN
,A7684FA
,A3021AF
,A9661ET
,A6521FJ
,A0937AK
,A3533EQ
,A5767AD
,A5304FJ
,A8332CV
,A3823DQ
,A6796AE
,A9567DX
,A5414AN
,A9210ER
,A6127FC
,A9558FH
,A3055ER
,A9446CK
,A1717AG
,A3824AA
,A1050CY
,A6161AH
,A7573AR
,A4190EJ
,A5849FJ
,A4335AJ
,A9586DH
,A7251EH
,A5395FJ
,A2156EN
,A2971AN
,A7326AN
,A5140DD
,A5196ER
,A4900FJ
,A0172AJ
,A8899CV
,A6378EJ
,A4465ED
,A2234DY
,A9835FE
,A5506AG
,A4788FJ
,A1414AR
,A7587EE
,A9119AG
,A6918DF
,A1880EP
,A5749FJ
,A7664CJ
,A1987FJ
,A2846AZ
,A2317FJ
,A4009AT
,A8621AA
,A0741FF
,A6051FJ
,A7435AV
,A9064EF
,A8646EJ
,A0051EW
,A0500AP
,A7609DA
,A9114FH
,A4412CJ
,A5306EK
,A8957CM
,A5935FG
,A7685ET
,A5359CF
,A8932FF
,A8991AA
,A3095DL
,A7481CW
,A5362AK
,A9193DJ
,A0738DT
,A4758FH
,A4751FJ
,A6756CP
,A9128DE
,A5177AG
,A0490EW
,A4853EJ
,A3064EA
,A5117FJ
,A2901ET
,A7304CE
,A4967CR
,A0914EG
,A6190AT
,A4363AJ
,A1738EM
,A8650FC
,A5324FJ
,A6200FJ
,A5942DY
,A8827AW
,A0660AG
,A6631FH
,A2425CM
,A5167FJ
,A2797DF
,A3977AR
,A8636AA
,A0412EW
,A5987AF
,A9251DV
,A3565AN
,A3895FJ
,A3140DD
,A0106AG
,A1735DJ
,A5828AP
,A7930AR
,A9943FG
,A1815EP
,A1546CP
,A1864DE
,A3941DA
,A3259FJ
,A8373AY
,A3314ET
,A8385DL
,A0817EX
,A3467FJ
,A4527DP
,A4738ET
,A4312EV
,A9022CL
,A2883CY
,A2809CD
,A5985CN
,A6172FJ
,A2326FC
,A1578FG
,A0952FF
,A5314FJ
,A5140FF
,A5905CT
,A1769DF
,A9328CG
,A7184CA
,A0301CN
,A6283CK
,A8044AE
,A0602EF
,A4752DP
,A2914CF
,A6166DL
,A0597AT
,A0615AZ
,A8424AV
,A5948CH
,A3292EP
,A4819CL
,A0637FJ
,A3012DM
,A4893AW
,A4476CH
,A1208EN
,A4456AV
,A3700EW
,A5523DL
,A0407EY
,A8179AJ
,A0964FJ
,A7277EM
,A9301ED
,A3739EM
,A1633FJ
,A5677DR
,A9276DW
,A5704FH
,A5488FJ
,A4088FE
,A8715DL
,A8539CP
,A2563DV
,A1801EX
,A4223AZ
,A2688AM
,A5055EW
,A8508DJ
,A5779EQ
,A0499DH
,A5430DZ
,A5761EC
,A9992DP
,A9748EG
,A4603AM
,A5595EW
,A8281FH
,A5724DM
,A2852AT
,A4803FF
,A5724FJ
,A4681FJ
,A8735DZ
,A2157DF
,A6733EW
,A2177EL
,A9483EM
,A0901CH
,A9286DN
,A7394DJ
,A8327AH
,A8004DD
,A2285FJ
,A7040DY
,A6637FA
,A1095CJ
,A3013EC
,A2958AX
,A4527FG
,A6209EX
,A9676AV
,A9156CP
,A2699FH
,A1468EN
,A4945EV
,A2196EH
,A2607DX
,A0711EE
,A5889CK
,A0227CJ
,A2924DF
,A7194FF
,A3285FH
,A6334EV
,A4794FJ
,A3076AV
,A0599DE
,A9723EM
,A8985FC
,A2189FH
,A5217AR
,A5857FJ
,A4151EF
,A7123CL
,A7460AK
,A6190FH
,A0267CH
,A1911ET
,A2919AC
,A3778ET
,A7971CM
,A7982DD
,A4173EN
,A2601CR
,A4966ET
,A4835EW
,A7663FE
,A6286FD
,A0423EW
,A2135FJ
,A1723EP
,A0659FH
,A6812EX
,A1496FJ
,A0843EL
,A9776EH
,A5547CD
,A5493CJ
,A0997EA
,A1214AG
,A5877CD
,A2795DX
,A0309CG
,A3203EP
,A9525EX
,A1674DK
,A7080AX
,A2070EX
,A3162AY
,A8001AV
,A7926EW
,A0640DF
,A3642AJ
,A1728FH
,A0332FJ
,A4880EY
,A5536FH
,A5127AT
,A1347AD
,A9234DV
,A8269AD
,A5819FF
,A9993EE
,A9470DE
,A6470AM
,A1979DL
,A0079EP
,A8649EE
,A1855EM
,A3582EC
,A6697EA
,A4321EJ
,A0354FJ
,A4290AG
,A9792EW
,A9235CL
,A0376CN
,A5242ET
,A7003EE
,A5206EP
,A5164FG
,A6488EK
,A0060CX
,A6121FC
,A4124FG
,A1007DH
,A3521DY
,A4374ET
,A2940FJ
,A4914FJ
,A3464AJ
,A6169AQ
,A6715DW
,A3026DE
,A4723FJ
,A7011DQ
,A4912CC
,A1498AV
,A8266ER
,A7122CE
,A2319FH
,A6131CF
,A3309DK
,A9199CQ
,A8888AE
,A5905FJ
,A5930FJ
,A4454FC
,A2608FJ
,A2734FG
,A3816FA
,A4229FJ
,A2022EW
,A5177EM
,A2648CY
,A3981DH
,A5138FJ
,A0099DX
,A1147EQ
,A7615AH
,A8027EE
,A3634CL
,A6706CZ
,A6844DY
,A4081DJ
,A4460FJ
,A1814AH
,A1206CK
,A6255FJ
,A5270AN
,A4756CW
,A5908FJ
,A2653FJ
,A7044EV
,A2854CW
,A6893FH
,A5058AJ
,A6336FF
,A4052EL
,A1921AW
,A0115CN
,A6589EA
,A8972DK
,A8452DW
,A8502ER
,A8549DP
,A9713FH
,A4333AE
,A8009AH
,A7148EZ
,A5112FJ
,A5105AT
,A8990DX
,A4266FG
,A3881DT
,A9249CW
,A0962EH
,A7234CV
,A2326CP
,A3799FD
,A7603FH
,A1179EP
,A4584ER
,A0881FA
,A0461AR
,A5532AE
,A6908EY
,A0653AP
,A5818EC
,A9512FF
,A6943EY
,A4870EK
,A8726EQ
,A6398EV
,A5962EX
,A6703EY
,A0977EF
,A8429EX
,A9790EW
,A8872EV
,A6803EX
,A9682EK
,A1966EX
,A6874ET
,A1370ET
,A7822EH
,A3008EY
,A6746EV
,A3162EJ
,A2331EJ
,A7415ET
,A6591DH
,A3191EM
,A9857EG
,A1684EK
,A1164EJ
,A0988AN
,A2579EW
,A5991EQ
,A8197EX
,A1148EX
,A1791EJ
,A4204EH
,A4088EW
,A0258EG
,A4475EX
,A7953EP
,A6809DZ
,A8504EK
,A9836DZ
,A2604ED
,A9248EJ
,A1141EN
,A9087ET
,A2123ER
,A5567EP
,A2759EM
,A0734EG
,A9800EH
,A6442ET
,A8404EN
,A7534EN
,A4663EL
,A2541EJ
,A4451EW
,A8753ER
,A2345ER
,A5607AW
,A5802ET
,A0082EM
,A4772EM
,A7780ER
,A9340ER
,A2591EW
,A2780AL
,A5709EQ
,A8343ER
,A4570EF
,A6590EN
,A5289EV
,A9361EM
,A3225EN
,A3053EK
,A6662AV
,A3265EL
,A8712EH
,A8678DP
,A3612EF
,A5575EL
,A4503EM
,A9229ER
,A3360EK
,A8464EQ
,A4788EL
,A9188EF
,A0107EM
,A5393EM
,A1879EM
,A8994EK
,A7413EP
,A3599EJ
,A5750EK
,A0164EL
,A2511EP
,A4713EJ
,A5191EL
,A6770EJ
,A4969FJ
,A9544EP
,A1428AG
,A3973FA
,A8965FH
,A1877FG
,A6394FJ
,A1510AF
,A3016EM
,A5736DP
,A1208FE
,A4269ET
,A2882FH
,A9810FG
,A5948AZ
,A0642FC
,A2343AD
,A8355CX
,A1129CL
,A2945FA
,A7866FG
,A8333FH
,A4231DG
,A2803AF
,A5006FG
,A0734EZ
,A1951DP
,A9034FF
,A8682DQ
,A5558EK
,A1777FJ
,A8475CY
,A8968FH
,A8334EL
,A0235DM
,A5018FJ
,A5108FJ
,A8804AD
,A3199AL
,A5849DQ
,A7497FH
,A5004AX
,A6728AK
,A7000FG
,A6730EH
,A4508AE
,A1462DG
,A5856FJ
,A7489DE
,A8706AC
,A3207CZ
,A5538EG
,A5036EH
,A1889FJ
,A5345EY
,A4773FJ
,A0729EK
,A6089FJ
,A5530FJ
,A3788AM
,A3325ED
,A8072AZ
,A4421DE
,A0251DK
,A7784DY
,A5197DL
,A2606EW
,A8093AK
,A4585CG
,A3888FG
,A3101AX
,A3688DK
,A4088CK
,A2909EV
,A4455AQ
,A5869FH
,A3174EQ
,A3629EP
,A7914FH
,A5761CV
,A0190ER
,A0697EG
,A1618CJ
,A2135CN
,A0022EC
,A7740CW
,A5901AF
,A9426AH
,A5296FJ
,A7518FA
,A3623EK
,A2265DL
,A4491FJ
,A6205FJ
,A4872EK
,A3697EL
,A6286EK
,A4238EH
,A3420EM
,A8875EJ
,A0653EH
,A0212AG
,A7966EL
,A3382EH
,A2633EK
,A8185DF
,A5531AZ
,A9672DL
,A8079EY
,A0931AH
,A2952CG
,A8770CJ
,A5896EP
,A6872CZ
,A6064DX
,A0685EM
,A6174FE
,A4613CT
,A2025FJ
,A4945AR
,A1737DN
,A7819EY
,A6446FJ
,A2394AN
,A2931EQ
,A1329AW
,A5924FJ
,A8728EW
,A5017EN
,A9965EE
,A5848AV
,A2607FJ
,A4628CX
,A9026DG
,A5859FJ
,A0987EQ
,A2540CW
,A5475AT
,A3233FA
,A5092DA
,A7832EK
,A7207AE
,A4420AN
,A7316FA
,A8658DZ
,A6668FH
,A3640EE
,A0840EW
,A6495EZ
,A2868CM
,A6608FE
,A3919EN
,A1451FH
,A9655EQ
,A7292DP
,A2454DL
,A7144AE
,A0043FJ
,A0343EH
,A0486AQ
,A2033CH
,A9119FF
,A6347EK
,A5472DP
,A8729DV
,A6327AX
,A9408AP
,A4680AD
,A2192EX
,A2711AR
,A8104DJ
,A2457FA
,A9096FH
,A6529DN
,A6495AW
,A2877FH
,A3136FF
,A8124FG
,A5768CA
,A9409EF
,A1677FG
,A8504AA
,A0606ER
,A8731EP
,A7310CA
,A9829FA
,A6231DN
,A8815CJ
,A6912EX
,A4254EZ
,A6516CZ
,A3165AH
,A5759FD
,A0004CF
,A3455FF
,A3793CQ
,A0680FD
,A5913AR
,A7502EY
,A9713AE
,A3121DR
,A5142FJ
,A9654AF
,A6292FJ
,A8612EG
,A7775CY
,A3397AD
,A4983FJ
,A5706AN
,A0400FH
,A2284EP
,A9028CT
,A6305EM
,A4733FJ
,A2495AR
,A4031AH
,A6246DT
,A9607EP
,A1388CZ
,A8037AK
,A0054AC
,A9961EP
,A6145AG
,A4289DQ
,A4998EV
,A3340DM
,A4609AF
,A4493CK
,A4365ED
,A5123CH
,A0081CP
,A0919FA
,A4613EC
,A7258EF
,A2978DX
,A0545AN
,A3164CZ
,A2128AW
,A0288CE
,A5619EX
,A5378DR
,A8433AJ
,A5223EM
,A2102EZ
,A1322DM
,A9648EX
,A2201CF
,A2951AC
,A8860FH
,A1542DK
,A4050AL
,A5330DN
,A1172AD
,A7313FG
,A5774AG
,A2505FJ
,A3251EM
,A2041EP
,A3211AC
,A6672AN
,A5331CK
,A2808DW
,A3326CD
,A6456FF
,A0495AR
,A0122EN
,A5766FJ
,A3083DC
,A2094AV
,A2201AJ
,A7499AY
,A4314DJ
,A8301FE
,A7994EC
,A8490EP
,A7870FC
,A3646CN
,A6206EF
,A8328ET
,A0899FA
,A4356AK
,A5822CX
,A9775AL
,A9617CM
,A2819AH
,A1909FE
,A4226EP
,A5140FH
,A6397EF
,A8102FH
,A8169AD
,A4588FJ
,A6185AV
,A1059AM
,A7149EY
,A7112FG
,A8328CN
,A1919CF
,A0228EW
,A2141FF
,A0870DT
,A5110FJ
,A3945EN
,A7304EP
,A7548AJ
,A5604AE
,A5770AK
,A2610EQ
,A8210AX
,A8605AY
,A8128AG
,A5945FJ
,A5425FF
,A7567CC
,A5884DL
,A6047FJ
,A7057FJ
,A2560EK
,A9578AY
,A5233EW
,A6892DE
,A9592EC
,A5943EE
,A5427EK
,A4775AK
,A9914EK
,A9619CL
,A3824FH
,A6328FF
,A6075CL
,A0952FE
,A1771CH
,A1410EM
,A2063FC
,A3848DN
,A8839CC
,A5634CL
,A1132ET
,A9175DY
,A5909AF
,A6617FF
,A0979EH
,A2858DX
,A4852FG
,A9429EL
,A4121AW
,A3263FD
,A5152CQ
,A5261AX
,A8940EJ
,A7238AL
,A4432EM
,A8159AJ
,A4929EE
,A5444EX
,A7606EJ
,A1247CW
,A4035EL
,A5187EF
,A1297FH
,A7943FA
,A4795FH
,A6588EV
,A4157AL
,A8627AQ
,A2632AC
,A6434EV
,A1011FJ
,A5590CK
,A3100AE
,A8624DW
,A8739FE
,A2281CX
,A8610FH
,A1633AL
,A0391EQ
,A4600FC
,A5403EX
,A5406CV
,A0010FJ
,A5867FJ
,A4858FJ
,A5996CP
,A5592EM
,A3505CZ
,A4537AM
,A8777CC
,A0152AQ
,A9759AD
,A8918AA
,A9483AV
,A9763DC
,A5661AX
,A5107DN
,A7953AY
,A3122DT
,A3461CM
,A7463EW
,A7086FF
,A5758EV
,A7020CF
,A8007CY
,A0729EL
,A6193FJ
,A8587EZ
,A1938DX
,A9043FG
,A4780FF
,A9194ET
,A5043AN
,A0504EW
,A0490AD
,A7993EE
,A7166AD
,A0495CY
,A2536DL
,A2678AX
,A0369FC
,A0293EV
,A6789FJ
,A9629FF
,A5490FJ
,A1223DK
,A0705AN
,A5092FJ
,A6090FJ
,A4514EQ
,A9970DG
,A1279DM
,A3907CA
,A5298FJ
,A3881FJ
,A9931CD
,A5338FJ
,A1759FG
,A1269EV
,A5397FJ
,A5045CJ
,A6834EC
,A7387EY
,A3335EE
,A1214AH
,A7362FH
,A6893AQ
,A3397AY
,A5636FJ
,A3580FJ
,A0762FJ
,A9784FG
,A2606FJ
,A2609AW
,A1776DL
,A7134FE
,A8623AW
,A6478DQ
,A0673DH
,A2869FH
,A3603EA
,A9683AP
,A8305EZ
,A3250AG
,A5351FJ
,A5642EF
,A3014EG
,A3061DL
,A3987AC
,A0596EY
,A2965DP
,A0703EH
,A3729EG
,A4101EN
,A5328FA
,A0940DE
,A6736CX
,A6466FH
,A4947EH
,A8635CR
,A1589FJ
,A2601FG
,A2192EE
,A4812FJ
,A4095EH
,A8695DH
,A5487FJ
,A8446FF
,A6385FH
,A5646ER
,A9306DT
,A9670FH
,A4180EY
,A5751FG
,A8239EK
,A4213CV
,A6276AD
,A2573CH
,A0714CH
,A2496AR
,A2123DR
,A5603DN
,A6554EQ
,A3309DT
,A6747FJ
,A4590FC
,A3570EY
,A0720DM
,A1058FG
,A5521EG
,A5417FJ
,A2086CX
,A2031AZ
,A7656FF
,A7676DN
,A0061DP
,A0422EK
,A3869EF
,A4126EL
,A7873FC
,A7937CR
,A5236EY
,A5369FJ
,A0986FJ
,A5823CD
,A1628AX
,A6454EV
,A0671AR
,A0015AT
,A8261DW
,A1104DW
,A7877DP
,A7880EP
,A0817DR
,A7741CY
,A8302AT
,A5596DK
,A3353EN
,A4142EV
,A9322AM
,A9943AG
,A7067AG
,A8739EN
,A8117DM
,A4635ER
,A2460ET
,A9388CN
,A8663EV
,A4083EM
,A1502EW
,A3935EW
,A1457CW
,A5366FJ
,A8985DP
,A6706EM
,A3965EG
,A3133ER
,A5000EQ
,A7259FH
,A9475AQ
,A9670AG
,A8705EG
,A4755FJ
,A9293DQ
,A1073EY
,A2865FJ
,A2227AH
,A9741CD
,A8813DW
,A8855DC
,A1203CL
,A1165EL
,A9871AN
,A7049AJ
,A3762FG
,A0938DX
,A3032EA
,A4360DG
,A1199EY
,A9843FC
,A0937EV
,A4526EL
,A0103EE
,A1160FJ
,A2448EE
,A5849DR
,A3218EX
,A6891DM
,A9930AK
,A1836AD
,A3326AF
,A8385EJ
,A9344EY
,A1947DF
,A7214AQ
,A8143FD
,A8344AQ
,A9238FC
,A9958DJ
,A1932EM
,A8149CP
,A8641EF
,A5157FJ
,A7611AF
,A5574CM
,A4380AM
,A2977CF
,A3933AK
,A9718FC
,A8300AW
,A5384CP
,A2467DL
,A1909FD
,A0422FJ
,A0882FJ
,A8153CP
,A4396FC
,A4355FH
,A6280FC
,A1408DR
,A4337FG
,A8550AP
,A1297FJ
,A8568FH
,A5296DZ
,A6710FJ
,A8853CW
,A8039CQ
,A1047DH
,A2515EW
,A5811FG
,A7025FG
,A5393ER
,A1721AV
,A8546FC
,A4540AJ
,A8666EH
,A5067FJ
,A6654DW
,A3348AD
,A0740FJ
,A0977DR
,A7467FG
,A0012EX
,A6031FJ
,A3540DP
,A5130AA
,A1749FF
,A0179DP
,A4066EG
,A7340CZ
,A0342AE
,A1407AM
,A8306EG
,A1630DH
,A4019EN
,A9889EX
,A8828CQ
,A7722EE
,A1410ET
,A6102FJ
,A7618EV
,A7469FC
,A5132FJ
,A4802EA
,A5054AG
,A3892EG
,A6029ET
,A9165EN
,A6399AE
,A0958DY
,A5504AV
,A9044AC
,A3723EL
,A6931ER
,A8244CK
,A7324DC
,A7943EM
,A9840CL
,A8329EG
,A1525DR
,A0729DL
,A3045EW
,A0422AK
,A6677DW
,A5654FH
,A5221FJ
,A0066EH
,A5137FJ
,A9133EG
,A9523EG
,A6935AK
,A7019FJ
,A3661EP
,A1896EV
,A4484AF
,A0985CH
,A4028DM
,A2758AZ
,A4792EE
,A7276FG
,A4041FJ
,A9440ER
,A1466AE
,A4511CV
,A4192DQ
,A5489AZ
,A5536AA
,A1700FG
,A5042CK
,A6393FJ
,A3725EL
,A1657AF
,A4564AK
,A3291EM
,A6330DM
,A8574FE
,A3534CC
,A7740EG
,A5663DL
,A7365ET
,A8057CW
,A9682AF
,A7149DZ
,A5503FG
,A1745DM
,A2476AX
,A5405DY
,A9688CF
,A3736EF
,A7236AY
,A2928AH
,A6014FC
,A2091CH
,A7809CC
,A2913FG
,A5729DR
,A8461AG
,A7758FH
,A9581DG
,A9539EY
,A6907FG
,A8801CA
,A5189ER
,A8643EC
,A9610FH
,A1963DJ
,A4122ER
,A5259AK
,A4705EX
,A0413FJ
,A6054EP
,A0576FG
,A8184AG
,A5678FJ
,A8184FD
,A9003AP
,A4900CE
,A0869EW
,A4256AX
,A5658AL
,A4840CH
,A1603DX
,A3959DF
,A7443CW
,A9884AP
,A0563FE
,A5158EC
,A7498CK
,A5449FC
,A3678FJ
,A0138CV
,A6405DY
,A0635FE
,A9209DN
,A2347CG
,A9657DR
,A7790AA
,A7594AN
,A5653DX
,A7204EP
,A2995EK
,A8649AK
,A6971FH
,A3333AF
,A0059DP
,A4625ET
,A5023EZ
,A7903EL
,A0778AZ
,A4238EW
,A8904AX
,A1986CT
,A8908EC
,A3698CG
,A2997DL
,A1907AD
,A0844CH
,A1279FE
,A5524EG
,A6307DY
,A9787EV
,A4760AV
,A4773EP
,A5545DR
,A6740CD
,A6277FJ
,A4892EV
,A0786AE
,A1754DP
,A9841FF
,A6096DZ
,A2976AL
,A6064FJ
,A6258EV
,A1595FC
,A2016FG
,A0269AN
,A7160AH
,A4113EV
,A5233AW
,A5769ED
,A0617AD
,A8131DM
,A7744FF
,A5141FJ
,A5916EN
,A6502FJ
,A5127FJ
,A5437DD
,A2148EH
,A9973FD
,A3659FJ
,A6401EP
,A1788DP
,A5129FJ
,A2928FH
,A4696FJ
,A0137EN
,A6805EV
,A1757EW
,A8471EL
,A9762CJ
,A9452FH
,A6271AR
,A1147CE
,A1623AF
,A0634DY
,A2880EX
,A2705AW
,A8423CY
,A2914EQ
,A0393EX
,A1584FG
,A0244EP
,A0128EV
,A8416CH
,A5852FH
,A4991FC
,A8796EQ
,A3012DQ
,A0696AF
,A2507DN
,A2433FD
,A0144FC
,A4855CX
,A7847AQ
,A4622DQ
,A0638FH
,A6007FE
,A8563AZ
,A2755AQ
,A0065DW
,A1366ED
,A1010AK
,A5257CR
,A2120EM
,A2451FG
,A4879FJ
,A7076DY
,A1264EN
,A7860ER
,A4613CD
,A9780AH
,A5744FJ
,A4502EM
,A7651ET
,A2022EV
,A9601CQ
,A8151FA
,A9221CX
,A0491EA
,A9264AK
,A8072FH
,A2603FF
,A9901FH
,A2227CV
,A6895EN
,A4871CV
,A1319DN
,A0684AN
,A0342CF
,A5492FJ
,A6279FJ
,A5692FJ
,A0874AF
,A0298DV
,A8951DH
,A3088AW
,A6480EL
,A8638AE
,A9779AC
,A1622CR
,A2636AG
,A0315CW
,A9580DZ
,A3011FH
,A5757DN
,A1104DV
,A4636FJ
,A7090CM
,A2985AC
,A2376DY
,A3639FJ
,A7708AL
,A5372FJ
,A6931EF
,A2283FJ
,A3270AD
,A2305EL
,A9814FF
,A0852FG
,A0833CE
,A1049FG
,A7652CC
,A2502CW
,A4903CN
,A1930CT
,A2272CL
,A6500EH
,A1421AP
,A1445AX
,A6270EX
,A1783EW
,A2295DR
,A1604CN
,A6128ET
,A9042EM
,A4615FA
,A0029FJ
,A7877AL
,A5442FG
,A3084FE
,A0505AP
,A8691ER
,A5819AZ
,A7352AW
,A7410EA
,A6846EC
,A9450EQ
,A6803DW
,A5744CR
,A9726DH
,A1587FJ
,A4392EF
,A1306AH
,A6068FJ
,A9623DQ
,A1994AP
,A5826AC
,A4476AK
,A4379AN
,A7402CW
,A5743EE
,A6315EE
,A9930CA
,A1378AQ
,A0267FJ
,A1298DY
,A4547AC
,A1254EK
,A7191AL
,A7480DC
,A4448EY
,A6764DV
,A0602AE
,A7720EA
,A1869DQ
,A3442EK
,A2089AR
,A9132AT
,A3026AT
,A7538FG
,A8066CT
,A0888FA
,A6122CQ
,A3137AR
,A8441AJ
,A9827CX
,A5102FG
,A3652EG
,A2126FJ
,A7004CP
,A1170AH
,A9197FH
,A4772FE
,A5862FF
,A9644FA
,A2521CG
,A9819EH
,A3746DW
,A0948EZ
,A1317FH
,A1924EV
,A2115FF
,A1757FJ
,A7564DQ
,A3935DD
,A5730AG
,A8109AT
,A1471FH
,A4434EV
,A2926FE
,A8706FC
,A5869FJ
,A5998AW
,A4807FJ
,A4895DP
,A2633AM
,A2008FC
,A3703CT
,A7900DM
,A2892AJ
,A5164AD
,A1419AL
,A1342FC
,A1906FC
,A1668DD
,A6968EP
,A6958DD
,A4050AY
,A2360AN
,A4195AG
,A6801FH
,A6374DN
,A6980FH
,A0045DX
,A6202DT
,A0326AH
,A3034FE
,A4428CG
,A3908CP
,A4975FJ
,A5122FJ
,A5257CP
,A1284CH
,A3939DM
,A3838AY
,A0714ET
,A5014DE
,A5888FJ
,A5033FJ
,A5558FJ
,A6878FH
,A9991FF
,A3505FH
,A7994EW
,A5839FH
,A1965FF
,A0646FJ
,A3366AR
,A1421FJ
,A2453FG
,A2909FG
,A7337FD
,A0359EJ
,A3900FJ
,A0888FJ
,A1397FJ
,A0688FH
,A9520ET
,A1350ET
,A4346FG
,A6779FH
,A2500FE
,A6021FH
,A3012FE
,A3402FJ
,A8210FG
,A4722ET
,A9668FG
,A5756EW
,A7617FD
,A7815FC
,A4543EL
,A3736FH
,A4077EH
,A7729FG
,A6800FD
,A3177FD
,A3405FH
,A5894FG
,A5835FG
,A8446FH
,A5335FF
,A1526FD
,A8095FF
,A2762DL
,A2571DV
,A9114FF
,A6291FH
,A2342FF
,A5644FF
,A4756EM
,A1177FH
,A8991ED
,A6735DE
,A4882FJ
,A2036AK
,A1339AF
,A5240EJ
,A7834EE
,A8504EV
,A5447EZ
,A3156DY
,A7778EQ
,A2698FJ
,A8400EE
,A0017DK
,A5006FJ
,A6790EW
,A5231EW
,A1305DE
,A1510DJ
,A6786AH
,A6329CW
,A9794EX
,A2523DW
,A0591CV
,A8607DK
,A7233FH
,A2516CY
,A1738AR
,A5410FJ
,A3950EW
,A3520CR
,A9171FF
,A2063EA
,A8528ED
,A2923EM
,A2609EF
,A2844DF
,A1228FJ
,A5402EZ
,A4417EQ
,A9155AG
,A6458EN
,A3940AT
,A2411DN
,A7296AG
,A7546CK
,A0344AT
,A7827AV
,A8530DD
,A3165AL
,A0546DM
,A3071DD
,A4530EQ
,A1652AX
,A3602EW
,A7570EN
,A1565EV
,A0129AF
,A6873EV
,A6372CH
,A3296FJ
,A0185DG
,A4017EC
,A2190AM
,A2333EM
,A6123FJ
,A2810AF
,A9644FH
,A2779EW
,A5744DR
,A8709FC
,A7383CM
,A9346DK
,A0625FG
,A5859AH
,A5610CZ
,A0660FH
,A9422CG
,A4843DX
,A7953CD
,A4761DR
,A0293AD
,A8253AZ
,A9859FA
,A6423CM
,A7944AK
,A4757AA
,A5730AJ
,A7411CR
,A1295DL
,A3113AZ
,A6514ED
,A6531CR
,A8579EK
,A6025EN
,A1608EX
,A7543EV
,A2299EK
,A8105EG
,A4565ER
,A1553EW
,A2157ER
,A6825ET
,A6123EQ
,A8260EW
,A2555EV
,A1463ET
,A6841EX
,A3435EV
,A9544EQ
,A1296EJ
,A9049FG
,A4524FC
,A5050ET
,A4881FH
,A0945EW
,A2886FJ
,A9015EY
,A0559FH
,A8571AY
,A6236FH
,A1419FJ
,A1217FE
,A7912EM
,A2855EQ
,A6753FG
,A6278FE
,A0928FF
,A0245FJ
,A1693FG
,A3053FA
,A5451FD
,A7571FH
,A6221EA
,A9404FH
,A8343FH
,A0208FG
,A6166EY
,A0791FJ
,A6866FE
,A6970EW
,A5391FH
,A0796FJ
,A3333FD
,A1705FJ
,A9160CM
,A9908EK
,A7283FF
,A5639FH
,A1107EV
,A0019FJ
,A0477FG
,A8214EV
,A8200EP
,A8652FH
,A8167FE
,A6765FA
,A9816EZ
,A9746FA
,A9092FF
,A4813FH
,A1355FG
,A1236EX
,A3963EX
,A6292FH
,A8548FH
,A7542EV
,A5441FH
,A0491FJ
,A7128FC
,A5804EZ
,A0582FH
,A0192EZ
,A0305FA
,A7825FH
,A0645EN
,A6448EN
,A7514EV
,A7001FG
,A9343FH
,A2787FE
,A0763FA
,A8002FH
,A3380CV
,A3349FD
,A4070FF
,A9508FE
,A3541FG
,A0144EL
,A1324FC
,A9528EY
,A9562FE
,A0643FF
,A5079FH
,A3295FG
,A2552FC
,A4470FH
,A4148EX
,A9132DZ
,A7951FH
,A7634FH
,A1649EV
,A5017FC
,A2300FH
,A6992FE
,A3747EP
,A0941FC
,A7104FH
,A8749EX
,A2965FD
,A7554FH
,A4854FC
,A3684EP
,A3010FD
,A8885FC
,A2795EM
,A2975FF
,A8160AW
,A5783EM
,A1797DK
,A8235EX
,A3992AD
,A8726ER
,A9170FF
,A9680AL
,A5780FJ
,A5594DF
,A6335DG
,A0069FD
,A3068EC
,A5771FJ
,A3749AP
,A8652DL
,A5944FJ
,A3939CQ
,A8906AA
,A6915EP
,A1539CN
,A5598FJ
,A7157CM
,A6461DP
,A0142AM
,A0127AV
,A6171FJ
,A4763EX
,A5964EJ
,A7402EX
,A2541FG
,A4720FH
,A7586ET
,A3393CJ
,A1064EH
,A5243DJ
,A8532AC
,A5754FE
,A4784EH
,A0825AH
,A9428EQ
,A5428FD
,A5749DE
,A6504DT
,A4326DC
,A7061EQ
,A5490AM
,A5212CW
,A1877AM
,A2402ET
,A7432EG
,A6706EZ
,A4869EN
,A6976CW
,A9401EN
,A8618FF
,A0458CT
,A0119AD
,A4648EE
,A8758FC
,A3224FA
,A3366AW
,A9300FH
,A3683EG
,A7588FF
,A7813FH
,A1868EE
,A0858EX
,A9021AA
,A7427EQ
,A0650DR
,A4555EK
,A3546ER
,A8317EE
,A4092CL
,A1647EW
,A1207EJ
,A7376DZ
,A4288ET
,A8713EZ
,A4452EF
,A1474FA
,A7822FC
,A3281CR
,A2549FC
,A1354AD
,A2344AN
,A8950ET
,A2254EM
,A2562EF
,A8865AT
,A1580FE
,A3970FH
,A3745EX
,A9092EW
,A8583AY
,A2009EV
,A7930FG
,A4828ER
,A3684AJ
,A7035EJ
,A5213FJ
,A0236CG
,A7028EM
,A1489EN
,A9641CY
,A0784ED
,A5375CJ
,A8840AD
,A2277DZ
,A3380CF
,A1968EA
,A5484AC
,A4440EG
,A3108EH
,A7295EL
,A5757ET
,A4658EH
,A8180EM
,A9885EW
,A5528DL
,A3955EQ
,A8657EN
,A4374EV
,A1052EV
,A5886EC
,A7846EV
,A1293EM
,A5673EW
,A4513EV
,A1745EX
,A2643EN
,A9769EP
,A0118EL
,A9991EK
,A2407EX
,A3467EL
,A7744ED
,A2242EM
,A6111EQ
,A5556ER
,A2180EW
,A7398EG
,A5559DL
,A0830ER
,A5138EW
,A2389EV
,A2489ET
,A1515ET
,A5994ET
,A6517EG
,A7569EV
,A5849ER
,A1498EV
,A3332EM
,A6251EQ
,A4527EL
,A8017EQ
,A7003EV
,A7949EE
,A7171EQ
,A8374EE
,A6597EL
,A9052EH
,A3992EV
,A0985EQ
,A8315EV
,A0268EM
,A2738EE
,A4082ER
,A9684EM
,A6883ER
,A5463EV
,A3805ET
,A3992EK
,A2645EM
,A1548ER
,A5877ET
,A3989EN
,A3899ET
,A5480ET
,A1909EP
,A0666ER
,A6925EG
,A7221ET
,A6075ET
,A1116ER
,A1372EQ
,A7784ER
,A9308EN
,A8388EM
,A6322ED
,A1030EM
,A7420EM
,A3958EF
,A9250EE
,A8278ER
,A1821EL
,A3413ER
,A9620EQ
,A0541ET
,A7692EQ
,A5293EM
,A7061EP
,A8351EQ
,A5174EQ
,A6567FD
,A7771FE
,A7881FH
,A1043EL
,A0690FE
,A4830FF
,A0581FH
,A5094FH
,A5212FE
,A3674FH
,A3061FF
,A9459FD
,A2938FE
,A0947FF
,A1208FG
,A3112EZ
,A5534FH
,A6228FH
,A4159FG
,A5617FG
,A5865FD
,A9406FF
,A8915EK
,A6671FH
,A7821FG
,A6079EK
,A8816FC
,A6354EW
,A2762FG
,A3676FE
,A7763FH
,A9386FC
,A3896FD
,A4437FH
,A4438FH
,A4252FG
,A5476FH
,A9283EN
,A3156FF
,A1765FF
,A4066EQ
,A7211EV
,A4686FF
,A2361FH
,A9571EW
,A1387FH
,A1313EJ
,A6233EQ
,A9336EJ
,A0175EJ
,A5461EW
,A4322FE
,A8201EL
,A2092FF
,A9568FE
,A4744FC
,A7292EN
,A6401FA
,A0886EM
,A3804FH
,A4121EM
,A6983EJ
,A2755ET
,A3750FH
,A3609FF
,A1695EJ
,A6100FH
,A3625ER
,A8829FG
,A9123FA
,A3254FH
,A8189FF
,A7009FC
,A0857FH
,A3682FG
,A8200EV
,A0250FH
,A6543FF
,A5746EX
,A7672FD
,A0198FG
,A5668FG
,A1880FH
,A7510EY
,A0989AV
,A7978FG
,A5231FF
,A7413EY
,A2048EN
,A1289FF
,A2658FH
,A0991FH
,A1298FG
,A8138FF
,A3640FG
,A4603FE
,A4088EJ
,A8563FA
,A1262FG
,A1359FF
,A3450FF
,A1279FH
,A7562FC
,A0769FA
,A8276FF
,A4756EZ
,A7564EZ
,A6570AJ
,A6727CQ
,A6275FJ
,A0707AJ
,A4934DH
,A0192AP
,A9160AA
,A5322FJ
,A1257AX
,A7127DC
,A3796DL
,A5087CP
,A4229DV
,A2210EC
,A4363AY
,A1750EA
,A3643AV
,A4212AK
,A5107FH
,A1479EW
,A0266AD
,A1187EV
,A4314AH
,A3609EC
,A7735CH
,A6801FJ
,A7446DH
,A5644AE
,A0336AJ
,A9081EV
,A0762CP
,A4998FJ
,A8998EE
,A1436EE
,A8851AV
,A7304EX
,A9742EM
,A2970EP
,A4623FG
,A9839EJ
,A0490DA
,A3043AV
,A6058EN
,A8778DA
,A2433CN
,A8269EC
,A5095EZ
,A5863EQ
,A2789FD
,A1078CA
,A0911DY
,A7129ED
,A0830AA
,A5242DV
,A3639CT
,A0861DP
,A5481EG
,A4752CJ
,A7901CP
,A4036CT
,A5442EG
,A6759FJ
,A3050FA
,A9890FE
,A3275ET
,A4042FF
,A1647AC
,A9591EG
,A4816ER
,A9694AQ
,A5416EK
,A0108CH
,A2813AA
,A3469AH
,A2815DH
,A4007FF
,A7643CY
,A4190CA
,A8095ET
,A7490FA
,A6821EQ
,A9570AF
,A3827CF
,A7005EL
,A3157FD
,A2353AG
,A9008AH
,A8053DP
,A8472EZ
,A8738EN
,A1744ED
,A9782AM
,A2117AH
,A8700EM
,A9693AR
,A9934EM
,A2604AZ
,A9217AF
,A6411EF
,A4841EJ
,A1099EQ
,A3743AV
,A7106EA
,A2954CT
,A9980EH
,A7744EM
,A0580DE
,A5054CC
,A4924FJ
,A5822AJ
,A3601DH
,A3392AJ
,A2886FG
,A2131ER
,A9812EP
,A3215EP
,A3531EQ
,A2059EN
,A0996EN
,A5115EL
,A8235EQ
,A3195EQ
,A9376EQ
,A0159EL
,A7334EQ
,A4812EN
,A9879EP
,A7089EL
,A6400EP
,A8865EP
,A0792EJ
,A5732CD
,A0129EP
,A7066EP
,A8559EK
,A4144EK
,A0146EQ
,A1638EJ
,A5257EP
,A8081EL
,A2617DZ
,A4939EP
,A6678EM
,A4141EP
,A9136EJ
,A8003EN
,A0091EK
,A3657EJ
,A7713EN
,A1632DR
,A0700EM
,A4282EN
,A5301EJ
,A2624EN
,A8985EL
,A5251EK
,A3526AK
,A1921FJ
,A2763DC
,A3441DK
,A6896EQ
,A6645FG
,A3325EK
,A2805AV
,A0764FH
,A7016DJ
,A2872FJ
,A0891FA
,A6863AK
,A0065EQ
,A8559AJ
,A3673AX
,A9787CY
,A0289EM
,A4462DT
,A7190CT
,A5810AK
,A9016FH
,A6661DR
,A9705FC
,A2255DY
,A3713CV
,A6460CA
,A0264AG
,A6536FJ
,A3979EJ
,A5178EX
,A5024FJ
,A7107CV
,A6803AX
,A0315DR
,A3164ED
,A1764ED
,A2604EL
,A5309FJ
,A5422FJ
,A0186DQ
,A6540EW
,A6930FH
,A0853FG
,A5034AL
,A1573EG
,A1143FF
,A3477AR
,A2217FA
,A4703FG
,A0527FH
,A1466FD
,A2706FH
,A2167EL
,A2635FE
,A2104EM
,A0107FH
,A6277FG
,A3899FD
,A9458EM
,A4598FC
,A4113FG
,A0675FF
,A2208FH
,A2827FC
,A0229EQ
,A2796EN
,A6283FC
,A9263FE
,A6408FG
,A7710FA
,A2883EZ
,A3101FG
,A0083FC
,A1733EN
,A0658FH
,A1624FF
,A1342AF
,A9052FG
,A0528FG
,A6924FG
,A4297EV
,A7044FE
,A9816FC
,A9625FG
,A2303FD
,A2732EM
,A8347FG
,A5078FG
,A9056EZ
,A4668EX
,A9959EA
,A7012FE
,A7153EZ
,A6308EP
,A5981FG
,A2673FE
,A4361FG
,A8476FF
,A7866EX
,A7663FF
,A8750FF
,A4576FF
,A7190FA
,A3994FG
,A4310EK
,A2320FE
,A7340FG
,A3527FG
,A7302EF
,A3043FG
,A2599FF
,A3673FA
,A3167FD
,A9596FE
,A2003FC
,A3781EQ
,A4419EP
,A7154FD
,A3623FE
,A3379FD
,A8903EP
,A8458EM
,A0489EV
,A6987EL
,A6659FG
,A9287FE
,A3949DW
,A2628FG
,A4277EC
,A9610FE
,A5380ER
,A4348FA
,A2415EY
,A0198DM
,A1169FE
,A8202EP
,A1210EW
,A0262EM
,A0240FD
,A2674EW
,A6166FA
,A2790FE
,A1863FD
,A6269EZ
,A2855EZ
,A9875FA
,A6489EH
,A3984ER
,A9575AQ
,A8395FD
,A6591EL
,A4039ER
,A6911ER
,A8502FF
,A2289FG
,A4493FF
,A2130FF
,A7880EV
,A2488DX
,A1585AE
,A1843DE
,A5613EE
,A2177FJ
,A0308AZ
,A5134FJ
,A1418FH
,A5467CD
,A9505EC
,A8781EQ
,A3439EX
,A6270EZ
,A4820DW
,A9532AC
,A1740CQ
,A4164FD
,A4950AV
,A4811FJ
,A2083DM
,A5842AF
,A8161AD
,A0815AT
,A2459DM
,A2090AR
,A5090AT
,A9432AZ
,A2452EJ
,A4282DD
,A3620AT
,A4718EA
,A5414AF
,A2531FG
,A3219DJ
,A6941AA
,A2993DN
,A3533DZ
,A0860CP
,A2336DW
,A3278EN
,A1221CT
,A2275DL
,A6257ER
,A5829FG
,A9845FG
,A6323FG
,A2999FC
,A3732FG
,A7616EM
,A5772EK
,A1909FF
,A1839FJ
,A3911FJ
,A0728FD
,A8998FD
,A8710FD
,A5513FH
,A3806FJ
,A3573FJ
,A0208FJ
,A3462EZ
,A5286FE
,A2760FH
,A4211EL
,A1136FF
,A7550FH
,A1588FJ
,A0894FF
,A2421FJ
,A6239FH
,A7775FH
,A9776EL
,A8837EH
,A2971FA
,A3721FE
,A3512FH
,A5610EQ
,A1589FC
,A0672EV
,A2322FG
,A0035EW
,A2653EP
,A1560FH
,A8889FG
,A8790FG
,A7645ET
,A1842FH
,A5102FD
,A1861FF
,A0192FG
,A1836FH
,A9796FG
,A8739FH
,A0550FC
,A2558FH
,A8416FH
,A3263FC
,A7957FD
,A1498ET
,A3291EH
,A1405FH
,A5382FF
,A4194FF
,A1130EV
,A7971FF
,A0229FJ
,A5675FG
,A8738FH
,A8584FF
,A4149FH
,A0836ED
,A3039FD
,A5083FJ
,A9894DZ
,A7278AG
,A0469DP
,A5784AQ
,A6431EW
,A1749EH
,A2688AG
,A1035AM
,A7483CT
,A9202EX
,A5721EF
,A6186FJ
,A4767CK
,A2398FD
,A6916FG
,A6301EN
,A5843FJ
,A2382AP
,A0516EE
,A6049FJ
,A2056CK
,A9379AA
,A7018CE
,A3784FG
,A8200AE
,A1444EN
,A6369FJ
,A9959AM
,A4347DV
,A0129CT
,A4510EG
,A1054DG
,A4483ER
,A0237CY
,A1211DG
,A5050FE
,A1081EG
,A9727FA
,A9681EY
,A8483AD
,A8609CE
,A6104FJ
,A0160EZ
,A3613EQ
,A9566FD
,A5406EJ
,A1384EK
,A9560AK
,A6198FJ
,A0432EC
,A8934CR
,A3243CC
,A2566CY
,A1750EH
,A7895AF
,A5910EP
,A8480DQ
,A9892FH
,A5933ET
,A4968FJ
,A8870FH
,A9838DC
,A5844EM
,A1579AP
,A6719FJ
,A4673CX
,A9468AX
,A5482FJ
,A7220EE
,A6466FD
,A9756AH
,A3677EV
,A7517EE
,A1889EJ
,A1914AA
,A8931CX
,A3100CL
,A9927FH
,A6318FJ
,A4148AR
,A0935EV
,A5776FJ
,A0122FH
,A6505FJ
,A7987DN
,A7726DC
,A4390DZ
,A2217EC
,A7997AR
,A9156EZ
,A5505FJ
,A1312EK
,A9450AJ
,A2997ET
,A4064EN
,A5958FA
,A0122FG
,A0273EN
,A2877FA
,A5908FC
,A0733FA
,A8537EV
,A7914FD
,A5803EZ
,A0296FC
,A9982FF
,A2268FG
,A9092ET
,A7917FF
,A5624FF
,A7991FA
,A9131AX
,A2183FA
,A7557FF
,A6239FD
,A9734EW
,A3610EV
,A4968EY
,A0251EH
,A2115FD
,A7470ER
,A2496FE
,A0364FF
,A8746FA
,A2524EM
,A2721FG
,A0587FG
,A4882EF
,A1001FD
,A6873DD
,A3539FE
,A2121FD
,A4962EN
,A4386FA
,A1138FF
,A9719ED
,A8920ET
,A9131EL
,A9152FE
,A8752EK
,A6814ET
,A0957FF
,A0958FG
,A3403FF
,A7625FC
,A9023EP
,A7944FF
,A8375FA
,A7120EL
,A4047FF
,A8929EC
,A7640FE
,A9901EX
,A4740CP
,A5720FF
,A1031EN
,A8546FF
,A7393FF
,A2505FC
,A1482FC
,A1975FF
,A3726FD
,A8391EK
,A4187EZ
,A4696EV
,A6942FE
,A0896CD
,A0719EA
,A6637FD
,A3274ER
,A3472FF
,A7014EL
,A6074DG
,A5985FA
,A8190EJ
,A3352FD
,A1282EY
,A1483FC
,A8669FD
,A3814FF
,A1831ED
,A4736EN
,A4610FD
,A9966DJ
,A6220EZ
,A7855FD
,A4708FF
,A1262EL
,A3703ER
,A5636FF
,A1440CW
,A0884ER
,A0093FA
,A4443EY
,A9451EK
,A5718EW
,A3707FF
,A5893FD
,A4347FC
,A6243CP
,A3279FE
,A3234EV
,A1239FF
,A8173FC
,A0532FG
,A3579EL
,A2056EZ
,A6273FH
,A0610FJ
,A0324FD
,A4909FF
,A4126FF
,A7264EY
,A3437EM
,A0307DC
,A2282EZ
,A3281FF
,A1078FH
,A7540EV
,A3054EH
,A9742EP
,A9427FG
,A8026DX
,A3198FH
,A2564EP
,A5563FF
,A2958FD
,A8950FH
,A9929EW
,A2167FG
,A7233FF
,A1131FG
,A6721FH
,A9904EP
,A1143EQ
,A7506FH
,A7080FH
,A7866FD
,A9325FF
,A1974FG
,A8146FH
,A2184FD
,A0025EP
,A9531EK
,A8496FF
,A2193EN
,A5691EW
,A3767FH
,A5817FF
,A5573FH
,A2489FH
,A0267FF
,A6524FF
,A9071FG
,A3413FE
,A5272FH
,A6167FH
,A8916DV
,A4894ER
,A1860EY
,A3071FE
,A1480EQ
,A9732EY
,A7803FC
,A1249FE
,A4036FH
,A8415FH
,A6289FH
,A6942FH
,A9719FD
,A1774ET
,A0215FH
,A9595EY
,A1719FH
,A1944FH
,A1878FF
,A7590FH
,A1899EZ
,A7938FH
,A5120FF
,A9007FE
,A7542FA
,A5772EW
,A6985FG
,A4157FA
,A7310FC
,A1794FG
,A4032FH
,A5057FG
,A4766FG
,A1889FH
,A1741FH
,A3916EG
,A3503FA
,A9157EZ
,A2375ET
,A2678ER
,A9523FG
,A0309EZ
,A6596EV
,A2649FH
,A5521FC
,A2333FF
,A0770FG
,A3728FH
,A4826FG
,A4853FC
,A9776FE
,A3083FH
,A9207FF
,A4658FG
,A2410EW
,A9686DH
,A7237EY
,A5362FC
,A9257EK
,A5150EL
,A2457EV
,A1869EZ
,A0193EZ
,A7764ED
,A9570FC
,A9628FG
,A7230FD
,A5650FG
,A6030EP
,A9102EM
,A4951FD
,A1011DF
,A5551FJ
,A1541CC
,A5611DG
,A5613EN
,A3301EQ
,A1451AM
,A1884AA
,A8592AJ
,A0987DA
,A8138EW
,A1117DH
,A5060DN
,A2253AG
,A9190EH
,A0258ED
,A1950ED
,A4541DZ
,A1534FJ
,A6792AK
,A6131ED
,A0608CW
,A0618EE
,A4750FF
,A5886FJ
,A5862EZ
,A2054AQ
,A3855EF
,A2060CW
,A5752FJ
,A0296EM
,A1865DN
,A8008EZ
,A5940CE
,A5042FJ
,A1102AH
,A8864FH
,A4421CM
,A2803ED
,A9049CJ
,A9501FH
,A3498FH
,A4394DG
,A4181FA
,A5846FJ
,A4323ER
,A9868FC
,A4996FG
,A0799EN
,A0094EY
,A1097EE
,A0620CH
,A6318AY
,A4427AG
,A6813CZ
,A8747FC
,A5528FJ
,A4005AC
,A5790FJ
,A5847FJ
,A2569FH
,A7794EM
,A4042EH
,A6335FJ
,A9705EQ
,A7793CY
,A3855AL
,A6380ED
,A3669AG
,A1957FJ
,A9897FG
,A9118FC
,A8694AA
,A2667CV
,A7095AF
,A6159CV
,A4013ED
,A5606FF
,A9697EG
,A4447EM
,A2897EK
,A7754DK
,A2711AH
,A8335CJ
,A3883DW
,A6339FJ
,A5770EQ
,A3708CF
,A5479EE
,A1382FG
,A4859FJ
,A7195DY
,A3254DY
,A5797AQ
,A6900EM
,A4995FA
,A9867FE
,A4802FC
,A7295EJ
,A4918FF
,A4414FF
,A4261EF
,A6921FE
,A6327FE
,A9785FE
,A7570EV
,A0567EN
,A3746EQ
,A8496EP
,A0944EZ
,A8939FE
,A5129EK
,A2760FA
,A3711EL
,A4579EZ
,A6003ET
,A5772FD
,A1121EX
,A4128FE
,A7391EX
,A5809EV
,A8435FE
,A9863EN
,A0768EV
,A1097FD
,A1880EH
,A2642FE
,A3887EX
,A8252AQ
,A6906EX
,A5306FA
,A7700EH
,A7474FD
,A6883EY
,A3391FD
,A9171AZ
,A5650EV
,A0747EZ
,A0647FC
,A8535EX
,A4114FD
,A7074EZ
,A4305FD
,A3212FE
,A3941ED
,A0827EZ
,A9555EW
,A6495EQ
,A5062FA
,A8800EA
,A7637FE
,A8929EW
,A1746EV
,A4287FE
,A4241AE
,A5206FD
,A1837ER
,A1109FA
,A9741EP
,A6991FE
,A1091DW
,A4517FE
,A7258ET
,A1976EW
,A5034CE
,A5405EY
,A7271FA
,A7305FC
,A1083FA
,A0831FE
,A1310CD
,A3577EP
,A2990FC
,A7639FD
,A7881EY
,A1523FE
,A4918FC
,A5173EY
,A6399FD
,A4507EQ
,A8185EE
,A0903EQ
,A5026EP
,A0883FD
,A3576EP
,A3120EX
,A8031FD
,A2210EW
,A7454EH
,A7399EY
,A1670FE
,A4201EY
,A0959EY
,A4029FA
,A3045FD
,A4608EZ
,A1033EV
,A4668ER
,A9007FC
,A6482EV
,A5861EW
,A1420EY
,A2918FE
,A8194FA
,A1879FE
,A8616EY
,A4684FE
,A9450FD
,A5324EM
,A6069FE
,A5039FH
,A2626FH
,A7175FG
,A5471FC
,A2659FH
,A6837EW
,A2620AY
,A4277FH
,A8081FG
,A7816EN
,A2766FG
,A1841FH
,A8368FE
,A0330FH
,A1105FE
,A7682FG
,A4133EW
,A1371FD
,A3615FE
,A4308ED
,A0727EZ
,A9913EP
,A1098FH
,A2250FF
,A0744FC
,A7344FG
,A1665EK
,A1872FH
,A7683FD
,A4311ED
,A0458EZ
,A0172EP
,A9349FE
,A7944EZ
,A5625FC
,A1570FH
,A9407FG
,A4208EC
,A8640FE
,A8522FG
,A7347FG
,A9490FG
,A9476FG
,A6263FE
,A3053EM
,A2508FH
,A5266EP
,A1302DY
,A8811FC
,A3879EC
,A6535EG
,A5969FA
,A9968FD
,A0650FG
,A4199FG
,A9754FA
,A7396FG
,A4825EG
,A8878FE
,A6575FD
,A3094FD
,A5100FD
,A8505EV
,A6407FC
,A4081FG
,A1983FF
,A9722FG
,A4816FE
,A6157FF
,A0995FH
,A2592FE
,A4394EJ
,A6635FD
,A8610EQ
,A9890FG
,A5723EN
,A5626EX
,A8892FG
,A2095FG
,A4807FE
,A8511FC
,A1588FA
,A7277EX
,A1354FC
,A4073EL
,A8023EQ
,A9464FC
,A0090EZ
,A4158FG
,A5239DA
,A5358EV
,A5748FC
,A8500EZ
,A6753FE
,A8221EQ
,A5911FA
,A5335FA
,A1634FA
,A8432FC
,A0598FG
,A9381EN
,A7774FE
,A1667ET
,A0200FG
,A5248FC
,A8564FA
,A1740EL
,A8330ER
,A1979FC
,A3717EQ
,A8826EW
,A7849FD
,A4578FC
,A5723FD
,A9735FE
,A2049EL
,A3644FG
,A2172EM
,A7424AY
,A7949DT
,A5559AP
,A7712DC
,A6119DG
,A9356FG
,A3765EV
,A5949EK
,A1472CT
,A6750FG
,A9827EQ
,A1816DP
,A9609EQ
,A3683FJ
,A9738FD
,A8353AR
,A2423EZ
,A6225AY
,A6221FJ
,A5754FJ
,A5712FJ
,A3238FE
,A2182AK
,A5448EA
,A3675FJ
,A8369AG
,A9618AZ
,A5119CT
,A9094FE
,A5971ER
,A8838DY
,A8624FC
,A2826FG
,A4383FJ
,A6191FJ
,A3777ER
,A5454FJ
,A6996AM
,A6605DM
,A3396DR
,A6582ED
,A5871FJ
,A3354AR
,A0381EE
,A0207CY
,A7331AD
,A1615AM
,A5305EQ
,A4671CD
,A7454CN
,A0187CA
,A9237EP
,A3999FE
,A5765FJ
,A1020DG
,A9102DE
,A6606FF
,A6833DD
,A8944AD
,A5063FE
,A1009DD
,A8317DX
,A4002AE
,A5959EM
,A6075DQ
,A0410CR
,A1069CW
,A0187EG
,A3594EA
,A8780AA
,A1980AV
,A0869FJ
,A1671DD
,A2661DX
,A6703AF
,A6261EW
,A7436EW
,A1516CG
,A2337AZ
,A9165EE
,A1696CV
,A2220EG
,A4929FJ
,A4799FJ
,A0425FJ
,A6523FJ
,A1073AP
,A1033EN
,A2958FC
,A8589EK
,A9668FH
,A6370AD
,A5450EM
,A2622DG
,A0413EQ
,A4819FC
,A9844EV
,A2860EJ
,A5792EW
,A2318EV
,A9313FC
,A7947ER
,A0835EV
,A5580EM
,A9117FC
,A5854FC
,A9022EZ
,A2812FA
,A4328FA
,A4688FA
,A2783FD
,A5415FC
,A0204EJ
,A6827EL
,A3443EX
,A5489EX
,A2134EG
,A3565EV
,A4046FC
,A2542EL
,A3832EX
,A0781FD
,A8295EZ
,A4297FC
,A0291EP
,A7432EW
,A0307EP
,A5190EW
,A4353EM
,A9352EY
,A0023FD
,A9539EZ
,A7317FC
,A6884EP
,A4683EP
,A4124EP
,A6492EV
,A4090FC
,A6055EZ
,A5999EV
,A8608ER
,A6386EM
,A5121EV
,A1092EK
,A6355FA
,A3082EJ
,A1475EQ
,A8197EK
,A1972FC
,A0679FD
,A1267EP
,A0447FA
,A4144EL
,A3615EQ
,A8506FA
,A9502EK
,A4487EW
,A6555EZ
,A9561FC
,A1634EM
,A3459FA
,A1623EY
,A4627FA
,A0215EL
,A4499FA
,A6305FC
,A9683EL
,A6391EH
,A0011FC
,A7163EL
,A7631AC
,A5375FC
,A2328EM
,A6491EW
,A4706FC
,A2790EW
,A1284EN
,A9974EY
,A1486EZ
,A3404FC
,A7188EX
,A3781ER
,A0265EQ
,A8575CA
,A8436EH
,A9671EJ
,A3007ET
,A4122EZ
,A7371ER
,A9629EV
,A5712EM
,A8719EH
,A7287FC
,A7079EP
,A0515EY
,A2652EM
,A7749EG
,A6082FA
,A9277EY
,A5297EP
,A7470EZ
,A9989ET
,A1862FC
,A0727EV
,A5406FE
,A4743FE
,A4865FE
,A9123EZ
,A2332EW
,A8239EY
,A5134EL
,A0169EV
,A3442FG
,A0133EV
,A2275FG
,A4173FD
,A8445FE
,A0392FC
,A4105EX
,A3729FD
,A5137EV
,A8168FE
,A9972EZ
,A6039FF
,A5354FE
,A0437EC
,A7634ET
,A0318FE
,A7081EL
,A0809FG
,A7943EP
,A6890EH
,A2158EQ
,A4739FF
,A2541FD
,A7008FC
,A6691EH
,A7908FD
,A4466AE
,A0935FC
,A7696FD
,A9276FF
,A0505FA
,A5903EM
,A2857FG
,A7592FC
,A4493FG
,A1396EL
,A2034FA
,A3125FD
,A9053FF
,A7680FD
,A6990EX
,A2676FE
,A9434EM
,A9156EH
,A2736EX
,A4066FG
,A9472FF
,A7990AQ
,A3464FG
,A1037FE
,A1028EV
,A5838EV
,A6718FA
,A8579EN
,A8573EN
,A4040ER
,A2036FD
,A6952FE
,A1817EX
,A9815FC
,A2961FF
,A7762FF
,A3514EP
,A1113EV
,A1186FA
,A2722EW
,A9293EZ
,A1365FG
,A3922DT
,A0121EY
,A4573FA
,A1208FA
,A7269FE
,A9219FA
,A2194FE
,A1335FE
,A1028FE
,A9573FC
,A0757EZ
,A5847FF
,A3758EK
,A4808FF
,A0149FG
,A8694ER
,A9120FE
,A4914FF
,A1457FE
,A3537FC
,A0640FD
,A2710FE
,A0960ER
,A1791EL
,A1018FD
,A6959EV
,A5068FA
,A3641FF
,A5865EJ
,A5812EY
,A8720FA
,A3402EY
,A8581DF
,A3423FF
,A4451EM
,A9402EQ
,A9424EA
,A0630FE
,A2618EK
,A3752FD
,A9353EZ
,A1489EX
,A4915FF
,A7777FE
,A4199FA
,A4133EQ
,A8522FA
,A1348EY
,A6989EX
,A6626FC
,A1017AC
,A0915AC
,A6504CW
,A6309FJ
,A4438AV
,A5809AQ
,A1732DT
,A5831ET
,A5912FJ
,A9399FH
,A2328EV
,A2981CX
,A5150FJ
,A1208DE
,A5113FJ
,A1468EE
,A4953FH
,A4953FJ
,A3284DT
,A6600EY
,A2917DY
,A1989EY
,A1222CJ
,A6044CR
,A5219FJ
,A5220FJ
,A6478FH
,A6517DW
,A8246DG
,A8843CT
,A2455EM
,A6170FJ
,A2280DF
,A6451FG
,A7729AL
,A9082CN
,A3757EL
,A7867EL
,A5073EV
,A2729FF
,A5686EX
,A4877CZ
,A3913FJ
,A4225EL
,A1188AF
,A9514AP
,A7220EW
,A7089CQ
,A4486FJ
,A7790DD
,A5001CX
,A0617CF
,A9562DN
,A1318EK
,A2072EJ
,A0129AG
,A3288CX
,A3915FD
,A8615DM
,A0834ER
,A7966CN
,A8314AE
,A4587CN
,A5248CQ
,A2810CV
,A1261EE
,A4160CY
,A7585AN
,A4316ED
,A1973CX
,A2060FH
,A6198AN
,A2656AL
,A1447EV
,A1638AM
,A2424AC
,A1709EE
,A7706DA
,A1192EA
,A8789FC
,A2729DG
,A5688DJ
,A5820AN
,A8209FE
,A7743FH
,A1467DY
,A9590ET
,A5064EN
,A6733DX
,A1330DY
,A7633CV
,A1973FH
,A2662DW
,A9963FF
,A5009FJ
,A5009FC
,A3885FC
,A7588EW
,A1619EZ
,A1069EN
,A5109FA
,A7740EY
,A5003EZ
,A4693EP
,A5788EK
,A9848EX
,A2054EZ
,A5926EX
,A5910EV
,A3453EX
,A9558EC
,A9904EX
,A1719FA
,A1381FA
,A9755EX
,A7661EX
,A4519EQ
,A0831FA
,A2853EM
,A3441FA
,A4284EJ
,A0589ET
,A8454EK
,A5014EN
,A8411ER
,A6941EX
,A2134EX
,A9757AA
,A5175EV
,A8565FA
,A6996FA
,A0397FA
,A6491EQ
,A2975EK
,A6087FA
,A9698FA
,A2358EL
,A3859EY
,A9613EK
,A9440FA
,A0608EY
,A1976EV
,A7582EM
,A4908CP
,A9152FA
,A0964EJ
,A5104EQ
,A5339EW
,A8549FA
,A8559EZ
,A7213EZ
,A6771EQ
,A8315EW
,A2163EX
,A6614FA
,A4458FA
,A1129EW
,A5162FA
,A6457EV
,A6508EY
,A7225EY
,A3052EK
,A9079EV
,A5869EZ
,A5945EZ
,A5634EW
,A0899EW
,A8596EV
,A2704EJ
,A2143EL
,A1381EX
,A3745EK
,A1173EQ
,A4082EY
,A3456FA
,A2116EQ
,A4210EP
,A5023EM
,A9250EM
,A6772EM
,A4505FA
,A6511EP
,A1025ER
,A7943EX
,A5346EV
,A5037EN
,A6928EZ
,A8270EY
,A5071EY
,A0534FA
,A7603EW
,A4786EZ
,A6436CL
,A1529EK
,A3292EZ
,A3050EZ
,A0774FF
,A7842EJ
,A2856FF
,A6860EW
,A6440EL
,A9239EP
,A3693EN
,A1863FF
,A8468FE
,A0508FE
,A7913FE
,A1165FD
,A4822FD
,A9090EZ
,A1301FE
,A6900EZ
,A1692FC
,A5224EZ
,A1528EP
,A3229FA
,A0265FC
,A9358FE
,A5214EN
,A7689EJ
,A1818FF
,A9830EZ
,A9892EX
,A8604FE
,A1879EW
,A2984FC
,A9034EM
,A8089FE
,A6096EK
,A6339ER
,A8488FE
,A8774FA
,A0623FD
,A3853EQ
,A5609EY
,A6427EJ
,A4988EY
,A5397EJ
,A4751EC
,A8966EJ
,A3986ER
,A9803EX
,A7650EX
,A0150EV
,A7728EL
,A7175EJ
,A7626EZ
,A1973FD
,A2680ET
,A9855EV
,A5336EE
,A5667FD
,A3818FD
,A8867EM
,A4527EY
,A4133EV
,A0586FF
,A1153EW
,A9615EY
,A7345ER
,A5985FE
,A6427EK
,A5682EY
,A7695EQ
,A4823EG
,A9584EZ
,A7233FD
,A0360FE
,A3008FE
,A1138FA
,A9862EV
,A3511EG
,A2324FE
,A9658ET
,A2819FE
,A0623EX
,A5769FD
,A7074EN
,A2961EQ
,A2258FE
,A1444FD
,A5668EP
,A6479EN
,A2399EM
,A1744EY
,A5792EK
,A7069EN
,A5725AW
,A7499ER
,A6179DV
,A4606FC
,A5925FA
,A9648FD
,A0044DZ
,A5031EF
,A6180EL
,A8894ET
,A2104ER
,A9692ET
,A0009EX
,A3015FE
,A7867EX
,A9202FC
,A6563ER
,A6111FA
,A8395EF
,A8795FD
,A0176FC
,A7234FD
,A1281EX
,A8166EL
,A0455EW
,A1153FE
,A0027EL
,A0214FE
,A7856AX
,A9521FC
,A7718ER
,A3493EA
,A4939FJ
,A1267EL
,A8857DD
,A5069ER
,A5119FJ
,A1840CL
,A1082EE
,A6169EF
,A8086EW
,A6140EG
,A7919AV
,A5786FH
,A0828AG
,A7262FH
,A0508AR
,A2382EJ
,A6052FJ
,A5728DJ
,A5191FJ
,A4359FG
,A3072CE
,A4445CT
,A5061EE
,A5501FJ
,A2340FA
,A6325EM
,A1996FJ
,A1986AH
,A8865DA
,A5468AA
,A0386CK
,A3381DA
,A4974FJ
,A9105AA
,A3873FG
,A9137AF
,A1013FG
,A1471FE
,A7448FF
,A2148FC
,A7049AL
,A5059EC
,A5561AD
,A1270DZ
,A7747CP
,A7496CT
,A5367FJ
,A2514AZ
,A6827DH
,A4950CW
,A3921CJ
,A8227EA
,A6352FJ
,A3992CF
,A6201DN
,A6630CH
,A1063EY
,A3926ED
,A2062AD
,A1706AG
,A9796AK
,A1753AC
,A4629EG
,A3094EP
,A4506FJ
,A0984AC
,A2574EQ
,A9720DP
,A7835DR
,A3391CT
,A3492CQ
,A3708EL
,A8824DM
,A3444EH
,A4236DK
,A4486EM
,A8389EZ
,A9515ET
,A4818EL
,A3394DV
,A1468EV
,A7772DN
,A2493FG
,A3978EX
,A3814EX
,A1268DF
,A4789EM
,A9276CA
,A2064AE
,A5519FJ
,A8434EZ
,A7331EK
,A8237EN
,A1973AP
,A7883EW
,A3069ET
,A4367EW
,A2576FA
,A4460AE
,A6578EH
,A6171EL
,A8669EY
,A0059ER
,A5926ET
,A9334EW
,A1300EP
,A2228DD
,A8621EJ
,A2534EP
,A5316EQ
,A5423EH
,A1302EZ
,A2309EY
,A9781EE
,A5122CJ
,A0456EK
,A1772EY
,A7274ER
,A9198EH
,A6566EY
,A6516EK
,A9146ET
,A4448ET
,A3127EZ
,A2933EX
,A0664EG
,A1025EM
,A3102EK
,A6755EW
,A3216EZ
,A0553EQ
,A2711EL
,A6353EZ
,A2420CL
,A3713ED
,A0773EX
,A3683EZ
,A9581ET
,A3954EZ
,A1725EZ
,A1184EY
,A6049EY
,A5474EW
,A5614EY
,A0824EW
,A3643EG
,A0600EM
,A2386EE
,A9348ER
,A3255EX
,A1881EZ
,A4154EZ
,A9693EV
,A8696EK
,A4362EN
,A6969EY
,A9348EV
,A2553ER
,A6302EY
,A5845EY
,A1709EW
,A1783EX
,A5760EY
,A4941EJ
,A9524EX
,A7396EY
,A1459EX
,A9832EL
,A3528EX
,A5637EW
,A3419EJ
,A9427EW
,A9247EW
,A6592EN
,A7351EN
,A4619ER
,A5624EY
,A5125EH
,A7635EX
,A0413FA
,A9093ER
,A1883FC
,A1609EP
,A5602FD
,A7095EV
,A7067EN
,A7006DZ
,A7533EP
,A3384FA
,A9580EQ
,A4713EW
,A4990EY
,A5389EL
,A0231FA
,A6302FC
,A4800EK
,A2307EW
,A9079FC
,A8137FA
,A7583EZ
,A8427FC
,A5743FA
,A9071FD
,A7903EZ
,A0456EM
,A6600DR
,A3536FD
,A2652ET
,A3065EL
,A0937EN
,A0241EL
,A6741FA
,A4858DP
,A0146EV
,A5628EX
,A6326FC
,A9813EL
,A9644EQ
,A1755EM
,A5906EW
,A9806EH
,A5073EG
,A2958EM
,A5274AE
,A5091EL
,A8551FC
,A4531FC
,A1784EV
,A0496FD
,A7003EZ
,A7220EL
,A7404ET
,A1551EJ
,A6215FA
,A8685FC
,A5179DV
,A6403FA
,A9106EM
,A7576ER
,A0756EW
,A1354ET
,A4399FC
,A1169EZ
,A9566CT
,A7039FC
,A0711FD
,A0286EV
,A3954EY
,A6222EP
,A9834EQ
,A7320EN
,A0595EN
,A1096FA
,A5936EG
,A9360EL
,A5240EX
,A4152EK
,A7631FC
,A1233ER
,A6884FA
,A2587DN
,A7319FC
,A2197EY
,A6505FC
,A7162EP
,A2590FC
,A1299EY
,A5409EZ
,A4575EZ
,A3465FA
,A5873FC
,A0751EV
,A1881FC
,A6663EJ
,A7378FA
,A1910EM
,A2775FA
,A6250DR
,A3133EY
,A4159EZ
,A7058EH
,A6355FC
,A4958EH
,A9056EH
,A8296ER
,A1784ET
,A5461EH
,A7441EV
,A3333EK
,A8569EJ
,A2992ER
,A4925EA
,A0248ET
,A7576EL
,A5367FA
,A9881FA
,A6452EP
,A4809ER
,A0583EN
,A2856EQ
,A3346EQ
,A5790EK
,A3621EP
,A6817FA
,A5782FA
,A5017DA
,A0889DA
,A5064AX
,A9760AR
,A7102DT
,A2447EA
,A3019AN
,A7458ER
,A5127EH
,A3099CP
,A3967FH
,A8481FH
,A0621DW
,A1476CQ
,A8109AH
,A9788DQ
,A2743EV
,A7245AK
,A5887EC
,A4413FD
,A3050FH
,A0203AX
,A2787AC
,A7906CD
,A9656DM
,A5852FJ
,A8465AH
,A3164AR
,A3432EV
,A7985DC
,A8986AH
,A9453AE
,A5654FJ
,A7346ER
,A5292FJ
,A5608FJ
,A6721FJ
,A3272FD
,A2820FJ
,A1741EH
,A3063FJ
,A2050AL
,A5080CK
,A1384EE
,A7117DH
,A2908FC
,A6101FJ
,A9674EH
,A9651DX
,A2648DL
,A5054FH
,A8438EQ
,A5651FJ
,A4502DY
,A0299CK
,A5611CW
,A0139FG
,A3787DD
,A7034EY
,A9291EE
,A9514EM
,A5134AM
,A7429CY
,A1219DM
,A7620AV
,A1823CW
,A2266DY
,A3292EV
,A3899AW
,A0357AX
,A5674DA
,A6851AK
,A4772FJ
,A4166AV
,A5145FJ
,A0413EZ
,A8214CL
,A2065EY
,A5171FJ
,A8450AN
,A2974CK
,A9750EQ
,A2548FG
,A5416FJ
,A6872DM
,A5980DT
,A6713DY
,A3662DE
,A3075FJ
,A4026EP
,A5946ED
,A8399EM
,A3493CC
,A3955EW
,A9597ER
,A0537FC
,A5934EX
,A5401EW
,A9558ET
,A4227EW
,A5097EM
,A9728EY
,A9207FA
,A2647EZ
,A7624EJ
,A8877EV
,A8584FA
,A6904FA
,A8611EZ
,A7867EW
,A7005DZ
,A9366EL
,A6800EP
,A0562FC
,A2114EX
,A8075EE
,A5828EV
,A5267EZ
,A6256EZ
,A7802EW
,A2794DY
,A1420AR
,A5016EZ
,A2486ET
,A4304EX
,A4194ER
,A0250EM
,A7689EX
,A2653EK
,A5935EQ
,A0378FA
,A9147EX
,A9259EM
,A8960EY
,A0907EV
,A0388ED
,A7103ER
,A5090EZ
,A5695ER
,A5172EW
,A5319EY
,A1207DV
,A6086EJ
,A4335EJ
,A9914EM
,A2827EY
,A3376FA
,A7170EW
,A0199EY
,A1737EW
,A2601EP
,A6762FA
,A2227EZ
,A6867ER
,A7358EJ
,A5386EY
,A4633EG
,A7405ER
,A0817CW
,A8115DZ
,A8902EZ
,A5719EJ
,A0395EJ
,A3185EJ
,A8981EY
,A4790EZ
,A7285EQ
,A7857EW
,A6670EH
,A8159EY
,A8688EV
,A6459DW
,A1207ER
,A5627CA
,A9315EX
,A5281EZ
,A4648EN
,A4813EX
,A6854EZ
,A0333EV
,A4678ER
,A5591DX
,A4779ER
,A0990EZ
,A4041EV
,A0812ER
,A1325EK
,A3970EQ
,A6033EW
,A4617EM
,A4561EX
,A4429EJ
,A9884ET
,A8772EY
,A8956EJ
,A0705EW
,A6032EQ
,A2331EX
,A9363ER
,A8644ET
,A3601EV
,A4839EX
,A5293EX